<?xml version="1.0" encoding="UTF-8"?>
<project-private xmlns="http://www.netbeans.org/ns/project-private/1">
    <editor-bookmarks xmlns="http://www.netbeans.org/ns/editor-bookmarks/2" lastBookmarkId="0"/>
    <open-files xmlns="http://www.netbeans.org/ns/projectui-open-files/2">
        <group>
            <file>file:/C:/Users/Alejandro/OneDrive/Escritorio/Tópicos%20avanzados%20de%20programación/Unidad%20III/Actividad%206/TAP_U3_ejercicio6_LanzamientoDados/src/HiloLanzamiento.java</file>
            <file>file:/C:/Users/Alejandro/OneDrive/Escritorio/Tópicos%20avanzados%20de%20programación/Unidad%20III/Actividad%206/TAP_U3_ejercicio6_LanzamientoDados/src/Ventana.java</file>
        </group>
    </open-files>
</project-private>
